supplier,total_orders,compliant_orders,compliance_rate
Epsilon_Group,166,163,98.19277108433735
Alpha_Inc,141,132,93.61702127659575
Gamma_Co,143,123,86.01398601398601
Beta_Supplies,156,118,75.64102564102564
Delta_Logistics,171,104,60.81871345029239
